FlapperSkateWeight(0,'M',80,70,156),
FlapperSkateWeight(0,'M',79,69,150),
FlapperSkateWeight(0,'M',80,69,153),
FlapperSkateWeight(0,'M',77,68,142),
FlapperSkateWeight(0,'M',78,68,145),
FlapperSkateWeight(0,'M',79,68,148),
FlapperSkateWeight(0,'M',80,68,151),
FlapperSkateWeight(0,'M',76,67,137),
FlapperSkateWeight(0,'M',77,67,140),
FlapperSkateWeight(0,'M',78,67,143),
FlapperSkateWeight(0,'M',79,67,146),
FlapperSkateWeight(0,'M',80,67,149),
FlapperSkateWeight(0,'M',75,66,133),
FlapperSkateWeight(0,'M',76,66,135),
FlapperSkateWeight(0,'M',77,66,138),
FlapperSkateWeight(0,'M',78,66,141),
FlapperSkateWeight(0,'M',79,66,144),
FlapperSkateWeight(0,'M',80,66,147),
FlapperSkateWeight(0,'M',74,65,127),
FlapperSkateWeight(0,'M',75,65,131),
FlapperSkateWeight(0,'M',76,65,133),
FlapperSkateWeight(0,'M',77,65,136),
FlapperSkateWeight(0,'M',78,65,139),
FlapperSkateWeight(0,'M',79,65,142),
FlapperSkateWeight(0,'M',80,65,145),
FlapperSkateWeight(0,'M',73,64,122),
FlapperSkateWeight(0,'M',74,64,126),
FlapperSkateWeight(0,'M',75,64,129),
FlapperSkateWeight(0,'M',76,64,131),
FlapperSkateWeight(0,'M',77,64,134),
FlapperSkateWeight(0,'M',78,64,137),
FlapperSkateWeight(0,'M',79,64,140),
FlapperSkateWeight(0,'M',80,64,142),
FlapperSkateWeight(0,'M',71,63,114),
FlapperSkateWeight(0,'M',72,63,117),
FlapperSkateWeight(0,'M',73,63,120),
FlapperSkateWeight(0,'M',74,63,124),
FlapperSkateWeight(0,'M',75,63,127),
FlapperSkateWeight(0,'M',76,63,129),
FlapperSkateWeight(0,'M',77,63,132),
FlapperSkateWeight(0,'M',78,63,135),
FlapperSkateWeight(0,'M',79,63,137),
FlapperSkateWeight(0,'M',80,63,140),
FlapperSkateWeight(0,'M',70,62,109),
FlapperSkateWeight(0,'M',71,62,112),
FlapperSkateWeight(0,'M',72,62,116),
FlapperSkateWeight(0,'M',73,62,119),
FlapperSkateWeight(0,'M',74,62,122),
FlapperSkateWeight(0,'M',75,62,125),
FlapperSkateWeight(0,'M',76,62,127),
FlapperSkateWeight(0,'M',77,62,130),
FlapperSkateWeight(0,'M',78,62,133),
FlapperSkateWeight(0,'M',79,62,135),
FlapperSkateWeight(0,'M',80,62,138),
FlapperSkateWeight(0,'M',69,61,104),
FlapperSkateWeight(0,'M',70,61,107),
FlapperSkateWeight(0,'M',71,61,110),
FlapperSkateWeight(0,'M',72,61,114),
FlapperSkateWeight(0,'M',73,61,117),
FlapperSkateWeight(0,'M',74,61,120),
FlapperSkateWeight(0,'M',75,61,123),
FlapperSkateWeight(0,'M',76,61,125),
FlapperSkateWeight(0,'M',77,61,128),
FlapperSkateWeight(0,'M',78,61,130),
FlapperSkateWeight(0,'M',79,61,133),
FlapperSkateWeight(0,'M',80,61,136),
FlapperSkateWeight(0,'M',68,60,98),
FlapperSkateWeight(0,'M',69,60,102),
FlapperSkateWeight(0,'M',70,60,105),
FlapperSkateWeight(0,'M',71,60,109),
FlapperSkateWeight(0,'M',72,60,112),
FlapperSkateWeight(0,'M',73,60,115),
FlapperSkateWeight(0,'M',74,60,118),
FlapperSkateWeight(0,'M',75,60,121),
FlapperSkateWeight(0,'M',76,60,123),
FlapperSkateWeight(0,'M',77,60,126),
FlapperSkateWeight(0,'M',78,60,128),
FlapperSkateWeight(0,'M',79,60,131),
FlapperSkateWeight(0,'M',80,60,133),
FlapperSkateWeight(0,'M',67,59,93),
FlapperSkateWeight(0,'M',68,59,97),
FlapperSkateWeight(0,'M',69,59,100),
FlapperSkateWeight(0,'M',70,59,103),
FlapperSkateWeight(0,'M',71,59,107),
FlapperSkateWeight(0,'M',72,59,110),
FlapperSkateWeight(0,'M',73,59,113),
FlapperSkateWeight(0,'M',74,59,116),
FlapperSkateWeight(0,'M',75,59,119),
FlapperSkateWeight(0,'M',76,59,121),
FlapperSkateWeight(0,'M',77,59,123),
FlapperSkateWeight(0,'M',78,59,126),
FlapperSkateWeight(0,'M',79,59,129),
FlapperSkateWeight(0,'M',80,59,131),
FlapperSkateWeight(0,'M',66,58,88),
FlapperSkateWeight(0,'M',67,58,92),
FlapperSkateWeight(0,'M',68,58,95),
FlapperSkateWeight(0,'M',69,58,98),
FlapperSkateWeight(0,'M',70,58,102),
FlapperSkateWeight(0,'M',71,58,105),
FlapperSkateWeight(0,'M',72,58,108),
FlapperSkateWeight(0,'M',73,58,111),
FlapperSkateWeight(0,'M',74,58,114),
FlapperSkateWeight(0,'M',75,58,117),
FlapperSkateWeight(0,'M',76,58,119),
FlapperSkateWeight(0,'M',77,58,121),
FlapperSkateWeight(0,'M',78,58,124),
FlapperSkateWeight(0,'M',79,58,126),
FlapperSkateWeight(0,'M',80,58,129),
FlapperSkateWeight(0,'M',65,57,84),
FlapperSkateWeight(0,'M',66,57,87),
FlapperSkateWeight(0,'M',67,57,90),
FlapperSkateWeight(0,'M',68,57,93),
FlapperSkateWeight(0,'M',69,57,97),
FlapperSkateWeight(0,'M',70,57,100),
FlapperSkateWeight(0,'M',71,57,103),
FlapperSkateWeight(0,'M',72,57,106),
FlapperSkateWeight(0,'M',73,57,109),
FlapperSkateWeight(0,'M',74,57,112),
FlapperSkateWeight(0,'M',75,57,115),
FlapperSkateWeight(0,'M',76,57,117),
FlapperSkateWeight(0,'M',77,57,119),
FlapperSkateWeight(0,'M',78,57,122),
FlapperSkateWeight(0,'M',79,57,124),
FlapperSkateWeight(0,'M',80,57,127),
FlapperSkateWeight(0,'M',63,56,76),
FlapperSkateWeight(0,'M',64,56,79),
FlapperSkateWeight(0,'M',65,56,82),
FlapperSkateWeight(0,'M',66,56,85),
FlapperSkateWeight(0,'M',67,56,89),
FlapperSkateWeight(0,'M',68,56,92),
FlapperSkateWeight(0,'M',69,56,95),
FlapperSkateWeight(0,'M',70,56,98),
FlapperSkateWeight(0,'M',71,56,101),
FlapperSkateWeight(0,'M',72,56,104),
FlapperSkateWeight(0,'M',73,56,107),
FlapperSkateWeight(0,'M',74,56,110),
FlapperSkateWeight(0,'M',75,56,113),
FlapperSkateWeight(0,'M',76,56,115),
FlapperSkateWeight(0,'M',77,56,117),
FlapperSkateWeight(0,'M',78,56,120),
FlapperSkateWeight(0,'M',79,56,122),
FlapperSkateWeight(0,'M',80,56,125),
FlapperSkateWeight(0,'M',62,55,72),
FlapperSkateWeight(0,'M',63,55,74),
FlapperSkateWeight(0,'M',64,55,77),
FlapperSkateWeight(0,'M',65,55,81),
FlapperSkateWeight(0,'M',66,55,84),
FlapperSkateWeight(0,'M',67,55,87),
FlapperSkateWeight(0,'M',68,55,90),
FlapperSkateWeight(0,'M',69,55,93),
FlapperSkateWeight(0,'M',70,55,96),
FlapperSkateWeight(0,'M',71,55,100),
FlapperSkateWeight(0,'M',72,55,103),
FlapperSkateWeight(0,'M',73,55,105),
FlapperSkateWeight(0,'M',74,55,108),
FlapperSkateWeight(0,'M',75,55,111),
FlapperSkateWeight(0,'M',76,55,113),
FlapperSkateWeight(0,'M',77,55,115),
FlapperSkateWeight(0,'M',78,55,118),
FlapperSkateWeight(0,'M',79,55,120),
FlapperSkateWeight(0,'M',61,54,67),
FlapperSkateWeight(0,'M',62,54,70),
FlapperSkateWeight(0,'M',63,54,73),
FlapperSkateWeight(0,'M',64,54,76),
FlapperSkateWeight(0,'M',65,54,79),
FlapperSkateWeight(0,'M',66,54,82),
FlapperSkateWeight(0,'M',67,54,85),
FlapperSkateWeight(0,'M',68,54,88),
FlapperSkateWeight(0,'M',69,54,92),
FlapperSkateWeight(0,'M',70,54,95),
FlapperSkateWeight(0,'M',71,54,98),
FlapperSkateWeight(0,'M',72,54,101),
FlapperSkateWeight(0,'M',73,54,103),
FlapperSkateWeight(0,'M',74,54,106),
FlapperSkateWeight(0,'M',75,54,109),
FlapperSkateWeight(0,'M',76,54,111),
FlapperSkateWeight(0,'M',77,54,113),
FlapperSkateWeight(0,'M',60,53,64),
FlapperSkateWeight(0,'M',61,53,66),
FlapperSkateWeight(0,'M',62,53,69),
FlapperSkateWeight(0,'M',63,53,72),
FlapperSkateWeight(0,'M',64,53,75),
FlapperSkateWeight(0,'M',65,53,78),
FlapperSkateWeight(0,'M',66,53,81),
FlapperSkateWeight(0,'M',67,53,84),
FlapperSkateWeight(0,'M',68,53,87),
FlapperSkateWeight(0,'M',69,53,90),
FlapperSkateWeight(0,'M',70,53,93),
FlapperSkateWeight(0,'M',71,53,96),
FlapperSkateWeight(0,'M',72,53,99),
FlapperSkateWeight(0,'M',73,53,101),
FlapperSkateWeight(0,'M',74,53,104),
FlapperSkateWeight(0,'M',75,53,107),
FlapperSkateWeight(0,'M',76,53,109),
FlapperSkateWeight(0,'M',59,52,60),
FlapperSkateWeight(0,'M',60,52,62),
FlapperSkateWeight(0,'M',61,52,65),
FlapperSkateWeight(0,'M',62,52,68),
FlapperSkateWeight(0,'M',63,52,70),
FlapperSkateWeight(0,'M',64,52,73),
FlapperSkateWeight(0,'M',65,52,76),
FlapperSkateWeight(0,'M',66,52,79),
FlapperSkateWeight(0,'M',67,52,82),
FlapperSkateWeight(0,'M',68,52,85),
FlapperSkateWeight(0,'M',69,52,88),
FlapperSkateWeight(0,'M',70,52,91),
FlapperSkateWeight(0,'M',71,52,94),
FlapperSkateWeight(0,'M',72,52,97),
FlapperSkateWeight(0,'M',73,52,99),
FlapperSkateWeight(0,'M',74,52,102),
FlapperSkateWeight(0,'M',57,51,54),
FlapperSkateWeight(0,'M',58,51,56),
FlapperSkateWeight(0,'M',59,51,59),
FlapperSkateWeight(0,'M',60,51,61),
FlapperSkateWeight(0,'M',61,51,63),
FlapperSkateWeight(0,'M',62,51,66),
FlapperSkateWeight(0,'M',63,51,69),
FlapperSkateWeight(0,'M',64,51,72),
FlapperSkateWeight(0,'M',65,51,75),
FlapperSkateWeight(0,'M',66,51,78),
FlapperSkateWeight(0,'M',67,51,81),
FlapperSkateWeight(0,'M',68,51,84),
FlapperSkateWeight(0,'M',69,51,87),
FlapperSkateWeight(0,'M',70,51,89),
FlapperSkateWeight(0,'M',71,51,92),
FlapperSkateWeight(0,'M',72,51,95),
FlapperSkateWeight(0,'M',73,51,98),
FlapperSkateWeight(0,'M',56,50,51),
FlapperSkateWeight(0,'M',57,50,53),
FlapperSkateWeight(0,'M',58,50,55),
FlapperSkateWeight(0,'M',59,50,58),
FlapperSkateWeight(0,'M',60,50,60),
FlapperSkateWeight(0,'M',61,50,62),
FlapperSkateWeight(0,'M',62,50,65),
FlapperSkateWeight(0,'M',63,50,68),
FlapperSkateWeight(0,'M',64,50,70),
FlapperSkateWeight(0,'M',65,50,73),
FlapperSkateWeight(0,'M',66,50,76),
FlapperSkateWeight(0,'M',67,50,79),
FlapperSkateWeight(0,'M',68,50,82),
FlapperSkateWeight(0,'M',69,50,85),
FlapperSkateWeight(0,'M',70,50,88),
FlapperSkateWeight(0,'M',71,50,91),
FlapperSkateWeight(0,'M',72,50,93),
FlapperSkateWeight(0,'M',55,49,48),
FlapperSkateWeight(0,'M',56,49,50),
FlapperSkateWeight(0,'M',57,49,52),
FlapperSkateWeight(0,'M',58,49,54),
FlapperSkateWeight(0,'M',59,49,56),
FlapperSkateWeight(0,'M',60,49,59),
FlapperSkateWeight(0,'M',61,49,61),
FlapperSkateWeight(0,'M',62,49,64),
FlapperSkateWeight(0,'M',63,49,66),
FlapperSkateWeight(0,'M',64,49,69),
FlapperSkateWeight(0,'M',65,49,72),
FlapperSkateWeight(0,'M',66,49,75),
FlapperSkateWeight(0,'M',67,49,77),
FlapperSkateWeight(0,'M',68,49,80),
FlapperSkateWeight(0,'M',69,49,83),
FlapperSkateWeight(0,'M',70,49,86),
FlapperSkateWeight(0,'M',54,48,45),
FlapperSkateWeight(0,'M',55,48,47),
FlapperSkateWeight(0,'M',56,48,49),
FlapperSkateWeight(0,'M',57,48,51),
FlapperSkateWeight(0,'M',58,48,53),
FlapperSkateWeight(0,'M',59,48,55),
FlapperSkateWeight(0,'M',60,48,58),
FlapperSkateWeight(0,'M',61,48,60),
FlapperSkateWeight(0,'M',62,48,62),
FlapperSkateWeight(0,'M',63,48,65),
FlapperSkateWeight(0,'M',64,48,68),
FlapperSkateWeight(0,'M',65,48,71),
FlapperSkateWeight(0,'M',66,48,73),
FlapperSkateWeight(0,'M',67,48,76),
FlapperSkateWeight(0,'M',68,48,79),
FlapperSkateWeight(0,'M',52,47,42),
FlapperSkateWeight(0,'M',53,47,43),
FlapperSkateWeight(0,'M',54,47,44),
FlapperSkateWeight(0,'M',55,47,46),
FlapperSkateWeight(0,'M',56,47,48),
FlapperSkateWeight(0,'M',57,47,50),
FlapperSkateWeight(0,'M',58,47,52),
FlapperSkateWeight(0,'M',59,47,54),
FlapperSkateWeight(0,'M',60,47,56),
FlapperSkateWeight(0,'M',61,47,58),
FlapperSkateWeight(0,'M',62,47,61),
FlapperSkateWeight(0,'M',63,47,64),
FlapperSkateWeight(0,'M',64,47,66),
FlapperSkateWeight(0,'M',65,47,69),
FlapperSkateWeight(0,'M',66,47,72),
FlapperSkateWeight(0,'M',67,47,74),
FlapperSkateWeight(0,'M',51,46,39),
FlapperSkateWeight(0,'M',52,46,41),
FlapperSkateWeight(0,'M',53,46,42),
FlapperSkateWeight(0,'M',54,46,43),
FlapperSkateWeight(0,'M',55,46,45),
FlapperSkateWeight(0,'M',56,46,47),
FlapperSkateWeight(0,'M',57,46,49),
FlapperSkateWeight(0,'M',58,46,51),
FlapperSkateWeight(0,'M',59,46,53),
FlapperSkateWeight(0,'M',60,46,55),
FlapperSkateWeight(0,'M',61,46,57),
FlapperSkateWeight(0,'M',62,46,60),
FlapperSkateWeight(0,'M',63,46,62),
FlapperSkateWeight(0,'M',64,46,65),
FlapperSkateWeight(0,'M',65,46,68),
FlapperSkateWeight(0,'M',66,46,70),
FlapperSkateWeight(0,'M',50,45,38),
FlapperSkateWeight(0,'M',51,45,38),
FlapperSkateWeight(0,'M',52,45,40),
FlapperSkateWeight(0,'M',53,45,41),
FlapperSkateWeight(0,'M',54,45,41),
FlapperSkateWeight(0,'M',55,45,44),
FlapperSkateWeight(0,'M',56,45,46),
FlapperSkateWeight(0,'M',57,45,48),
FlapperSkateWeight(0,'M',58,45,50),
FlapperSkateWeight(0,'M',59,45,52),
FlapperSkateWeight(0,'M',60,45,54),
FlapperSkateWeight(0,'M',61,45,56),
FlapperSkateWeight(0,'M',62,45,59),
FlapperSkateWeight(0,'M',63,45,61),
FlapperSkateWeight(0,'M',64,45,63),
FlapperSkateWeight(0,'M',49,44,36),
FlapperSkateWeight(0,'M',50,44,37),
FlapperSkateWeight(0,'M',51,44,37),
FlapperSkateWeight(0,'M',52,44,39),
FlapperSkateWeight(0,'M',53,44,40),
FlapperSkateWeight(0,'M',54,44,41),
FlapperSkateWeight(0,'M',55,44,43),
FlapperSkateWeight(0,'M',56,44,45),
FlapperSkateWeight(0,'M',57,44,47),
FlapperSkateWeight(0,'M',58,44,48),
FlapperSkateWeight(0,'M',59,44,51),
FlapperSkateWeight(0,'M',60,44,53),
FlapperSkateWeight(0,'M',61,44,55),
FlapperSkateWeight(0,'M',62,44,57),
FlapperSkateWeight(0,'M',63,44,60),
FlapperSkateWeight(0,'M',48,43,34),
FlapperSkateWeight(0,'M',49,43,35),
FlapperSkateWeight(0,'M',50,43,36),
FlapperSkateWeight(0,'M',51,43,37),
FlapperSkateWeight(0,'M',52,43,38),
FlapperSkateWeight(0,'M',53,43,39),
FlapperSkateWeight(0,'M',54,43,40),
FlapperSkateWeight(0,'M',55,43,42),
FlapperSkateWeight(0,'M',56,43,44),
FlapperSkateWeight(0,'M',57,43,46),
FlapperSkateWeight(0,'M',58,43,47),
FlapperSkateWeight(0,'M',59,43,49),
FlapperSkateWeight(0,'M',60,43,52),
FlapperSkateWeight(0,'M',61,43,54),
FlapperSkateWeight(0,'M',62,43,56),
FlapperSkateWeight(0,'M',47,42,33),
FlapperSkateWeight(0,'M',48,42,34),
FlapperSkateWeight(0,'M',49,42,34),
FlapperSkateWeight(0,'M',50,42,35),
FlapperSkateWeight(0,'M',51,42,36),
FlapperSkateWeight(0,'M',52,42,37),
FlapperSkateWeight(0,'M',53,42,38),
FlapperSkateWeight(0,'M',54,42,39),
FlapperSkateWeight(0,'M',55,42,41),
FlapperSkateWeight(0,'M',56,42,43),
FlapperSkateWeight(0,'M',57,42,45),
FlapperSkateWeight(0,'M',58,42,46),
FlapperSkateWeight(0,'M',59,42,48),
FlapperSkateWeight(0,'M',60,42,50),
FlapperSkateWeight(0,'M',46,41,31),
FlapperSkateWeight(0,'M',47,41,32),
FlapperSkateWeight(0,'M',48,41,33),
FlapperSkateWeight(0,'M',49,41,34),
FlapperSkateWeight(0,'M',50,41,34),
FlapperSkateWeight(0,'M',51,41,35),
FlapperSkateWeight(0,'M',52,41,36),
FlapperSkateWeight(0,'M',53,41,37),
FlapperSkateWeight(0,'M',54,41,39),
FlapperSkateWeight(0,'M',55,41,40),
FlapperSkateWeight(0,'M',56,41,42),
FlapperSkateWeight(0,'M',57,41,43),
FlapperSkateWeight(0,'M',58,41,45),
FlapperSkateWeight(0,'M',59,41,47),
FlapperSkateWeight(0,'M',45,40,30),
FlapperSkateWeight(0,'M',46,40,31),
FlapperSkateWeight(0,'M',47,40,31),
FlapperSkateWeight(0,'M',48,40,32),
FlapperSkateWeight(0,'M',49,40,33),
FlapperSkateWeight(0,'M',50,40,33),
FlapperSkateWeight(0,'M',51,40,34),
FlapperSkateWeight(0,'M',52,40,35),
FlapperSkateWeight(0,'M',53,40,36),
FlapperSkateWeight(0,'M',54,40,38),
FlapperSkateWeight(0,'M',55,40,39),
FlapperSkateWeight(0,'M',56,40,41),
FlapperSkateWeight(0,'M',57,40,42),
FlapperSkateWeight(0,'M',44,39,29),
FlapperSkateWeight(0,'M',45,39,29),
FlapperSkateWeight(0,'M',46,39,30),
FlapperSkateWeight(0,'M',47,39,31),
FlapperSkateWeight(0,'M',48,39,31),
FlapperSkateWeight(0,'M',49,39,32),
FlapperSkateWeight(0,'M',50,39,33),
FlapperSkateWeight(0,'M',51,39,33),
FlapperSkateWeight(0,'M',52,39,34),
FlapperSkateWeight(0,'M',53,39,36),
FlapperSkateWeight(0,'M',54,39,37),
FlapperSkateWeight(0,'M',55,39,38),
FlapperSkateWeight(0,'M',56,39,40),
FlapperSkateWeight(0,'M',43,38,27),
FlapperSkateWeight(0,'M',44,38,28),
FlapperSkateWeight(0,'M',45,38,29),
FlapperSkateWeight(0,'M',46,38,29),
FlapperSkateWeight(0,'M',47,38,30),
FlapperSkateWeight(0,'M',48,38,30),
FlapperSkateWeight(0,'M',49,38,31),
FlapperSkateWeight(0,'M',50,38,32),
FlapperSkateWeight(0,'M',51,38,32),
FlapperSkateWeight(0,'M',52,38,34),
FlapperSkateWeight(0,'M',53,38,35),
FlapperSkateWeight(0,'M',54,38,36),
FlapperSkateWeight(0,'M',42,37,26),
FlapperSkateWeight(0,'M',43,37,26),
FlapperSkateWeight(0,'M',44,37,27),
FlapperSkateWeight(0,'M',45,37,28),
FlapperSkateWeight(0,'M',46,37,28),
FlapperSkateWeight(0,'M',47,37,29),
FlapperSkateWeight(0,'M',48,37,30),
FlapperSkateWeight(0,'M',49,37,30),
FlapperSkateWeight(0,'M',50,37,31),
FlapperSkateWeight(0,'M',51,37,32),
FlapperSkateWeight(0,'M',52,37,33),
FlapperSkateWeight(0,'M',53,37,34),
FlapperSkateWeight(0,'M',41,36,26),
FlapperSkateWeight(0,'M',42,36,26),
FlapperSkateWeight(0,'M',43,36,26),
FlapperSkateWeight(0,'M',44,36,26),
FlapperSkateWeight(0,'M',45,36,27),
FlapperSkateWeight(0,'M',46,36,28),
FlapperSkateWeight(0,'M',47,36,28),
FlapperSkateWeight(0,'M',48,36,29),
FlapperSkateWeight(0,'M',49,36,29),
FlapperSkateWeight(0,'M',50,36,30),
FlapperSkateWeight(0,'M',51,36,31),
FlapperSkateWeight(0,'M',40,35,25),
FlapperSkateWeight(0,'M',41,35,25),
FlapperSkateWeight(0,'M',42,35,25),
FlapperSkateWeight(0,'M',43,35,25),
FlapperSkateWeight(0,'M',44,35,26),
FlapperSkateWeight(0,'M',45,35,26),
FlapperSkateWeight(0,'M',46,35,27),
FlapperSkateWeight(0,'M',47,35,27),
FlapperSkateWeight(0,'M',48,35,28),
FlapperSkateWeight(0,'M',49,35,29),
FlapperSkateWeight(0,'M',50,35,29),
FlapperSkateWeight(0,'M',40,34,24),
FlapperSkateWeight(0,'M',41,34,24),
FlapperSkateWeight(0,'M',42,34,24),
FlapperSkateWeight(0,'M',43,34,24),
FlapperSkateWeight(0,'M',44,34,25),
FlapperSkateWeight(0,'M',45,34,26),
FlapperSkateWeight(0,'M',46,34,26),
FlapperSkateWeight(0,'M',47,34,27),
FlapperSkateWeight(0,'M',48,34,27),
FlapperSkateWeight(0,'M',49,34,28),
FlapperSkateWeight(0,'M',40,33,23),
FlapperSkateWeight(0,'M',41,33,23),
FlapperSkateWeight(0,'M',42,33,23),
FlapperSkateWeight(0,'M',43,33,24),
FlapperSkateWeight(0,'M',44,33,24),
FlapperSkateWeight(0,'M',45,33,25),
FlapperSkateWeight(0,'M',46,33,25),
FlapperSkateWeight(0,'M',47,33,26),
FlapperSkateWeight(0,'M',48,33,26),
FlapperSkateWeight(0,'M',40,32,23),
FlapperSkateWeight(0,'M',41,32,23),
FlapperSkateWeight(0,'M',42,32,23),
FlapperSkateWeight(0,'M',43,32,23),
FlapperSkateWeight(0,'M',44,32,24),
FlapperSkateWeight(0,'M',45,32,24),
FlapperSkateWeight(0,'M',46,32,25),
FlapperSkateWeight(0,'M',47,32,25),
FlapperSkateWeight(0,'M',40,31,22),
FlapperSkateWeight(0,'M',41,31,22),
FlapperSkateWeight(0,'M',42,31,22),
FlapperSkateWeight(0,'M',43,31,22),
FlapperSkateWeight(0,'M',44,31,23),
FlapperSkateWeight(0,'M',45,31,23),
FlapperSkateWeight(0,'M',46,31,24),
FlapperSkateWeight(0,'M',40,30,21),
FlapperSkateWeight(0,'M',41,30,21),
FlapperSkateWeight(0,'M',42,30,21),
FlapperSkateWeight(0,'M',43,30,22),
FlapperSkateWeight(0,'M',44,30,22),
FlapperSkateWeight(0,'M',45,30,23),
FlapperSkateWeight(0,'M',40,29,21),
FlapperSkateWeight(0,'M',41,29,21),
FlapperSkateWeight(0,'M',42,29,21),
FlapperSkateWeight(0,'M',43,29,21),
FlapperSkateWeight(0,'M',44,29,21),
FlapperSkateWeight(0,'M',40,28,20),
FlapperSkateWeight(0,'M',41,28,20),
FlapperSkateWeight(0,'M',42,28,20),
FlapperSkateWeight(0,'M',43,28,20),
FlapperSkateWeight(0,'M',40,27,19),
FlapperSkateWeight(0,'M',41,27,19),
FlapperSkateWeight(0,'M',42,27,19),
FlapperSkateWeight(0,'M',40,26,18),
FlapperSkateWeight(0,'M',41,26,18),
FlapperSkateWeight(0,'M',40,25,17),
FlapperSkateWeight(0,'F',87,78,237.9),
FlapperSkateWeight(0,'F',88,78,241.8),
FlapperSkateWeight(0,'F',89,78,244.14),
FlapperSkateWeight(0,'F',90,78,248.04),
FlapperSkateWeight(0,'F',91,78,251.16),
FlapperSkateWeight(0,'F',92,78,255.06),
FlapperSkateWeight(0,'F',93,78,258.18),
FlapperSkateWeight(0,'F',94,78,262.08),
FlapperSkateWeight(0,'F',95,78,265.2),
FlapperSkateWeight(0,'F',96,78,269.88),
FlapperSkateWeight(0,'F',86,77,231.77),
FlapperSkateWeight(0,'F',87,77,234.85),
FlapperSkateWeight(0,'F',88,77,238.7),
FlapperSkateWeight(0,'F',89,77,241.01),
FlapperSkateWeight(0,'F',90,77,244.86),
FlapperSkateWeight(0,'F',91,77,247.94),
FlapperSkateWeight(0,'F',92,77,251.79),
FlapperSkateWeight(0,'F',93,77,254.87),
FlapperSkateWeight(0,'F',94,77,258.72),
FlapperSkateWeight(0,'F',95,77,261.8),
FlapperSkateWeight(0,'F',96,77,266.42),
FlapperSkateWeight(0,'F',85,76,225.72),
FlapperSkateWeight(0,'F',86,76,228.76),
FlapperSkateWeight(0,'F',87,76,231.8),
FlapperSkateWeight(0,'F',88,76,235.6),
FlapperSkateWeight(0,'F',89,76,237.88),
FlapperSkateWeight(0,'F',90,76,241.68),
FlapperSkateWeight(0,'F',91,76,244.72),
FlapperSkateWeight(0,'F',92,76,248.52),
FlapperSkateWeight(0,'F',93,76,251.56),
FlapperSkateWeight(0,'F',94,76,255.36),
FlapperSkateWeight(0,'F',95,76,258.4),
FlapperSkateWeight(0,'F',96,76,262.96),
FlapperSkateWeight(0,'F',84,75,219.75),
FlapperSkateWeight(0,'F',85,75,222.75),
FlapperSkateWeight(0,'F',86,75,225.75),
FlapperSkateWeight(0,'F',87,75,228.75),
FlapperSkateWeight(0,'F',88,75,232.5),
FlapperSkateWeight(0,'F',89,75,234.75),
FlapperSkateWeight(0,'F',90,75,238.5),
FlapperSkateWeight(0,'F',91,75,241.5),
FlapperSkateWeight(0,'F',92,75,245.25),
FlapperSkateWeight(0,'F',93,75,248.25),
FlapperSkateWeight(0,'F',94,75,252),
FlapperSkateWeight(0,'F',95,75,255),
FlapperSkateWeight(0,'F',96,75,259.5),
FlapperSkateWeight(0,'F',83,74,213.86),
FlapperSkateWeight(0,'F',84,74,216.82),
FlapperSkateWeight(0,'F',85,74,219.78),
FlapperSkateWeight(0,'F',86,74,222.74),
FlapperSkateWeight(0,'F',87,74,225.7),
FlapperSkateWeight(0,'F',88,74,229.4),
FlapperSkateWeight(0,'F',89,74,231.62),
FlapperSkateWeight(0,'F',90,74,235.32),
FlapperSkateWeight(0,'F',91,74,238.28),
FlapperSkateWeight(0,'F',92,74,241.98),
FlapperSkateWeight(0,'F',93,74,244.94),
FlapperSkateWeight(0,'F',94,74,248.64),
FlapperSkateWeight(0,'F',95,74,251.6),
FlapperSkateWeight(0,'F',96,74,256.04),
FlapperSkateWeight(0,'F',82,73,208.05),
FlapperSkateWeight(0,'F',83,73,210.97),
FlapperSkateWeight(0,'F',84,73,213.89),
FlapperSkateWeight(0,'F',85,73,216.81),
FlapperSkateWeight(0,'F',86,73,219.73),
FlapperSkateWeight(0,'F',87,73,222.65),
FlapperSkateWeight(0,'F',88,73,226.3),
FlapperSkateWeight(0,'F',89,73,228.49),
FlapperSkateWeight(0,'F',90,73,232.14),
FlapperSkateWeight(0,'F',91,73,235.06),
FlapperSkateWeight(0,'F',92,73,238.71),
FlapperSkateWeight(0,'F',93,73,241.63),
FlapperSkateWeight(0,'F',94,73,245.28),
FlapperSkateWeight(0,'F',95,73,248.2),
FlapperSkateWeight(0,'F',96,73,252.58),
FlapperSkateWeight(0,'F',82,72,205.2),
FlapperSkateWeight(0,'F',83,72,208.08),
FlapperSkateWeight(0,'F',84,72,210.96),
FlapperSkateWeight(0,'F',85,72,213.84),
FlapperSkateWeight(0,'F',86,72,216.72),
FlapperSkateWeight(0,'F',87,72,219.6),
FlapperSkateWeight(0,'F',88,72,223.2),
FlapperSkateWeight(0,'F',89,72,225.36),
FlapperSkateWeight(0,'F',90,72,228.96),
FlapperSkateWeight(0,'F',91,72,231.84),
FlapperSkateWeight(0,'F',92,72,235.44),
FlapperSkateWeight(0,'F',93,72,238.32),
FlapperSkateWeight(0,'F',94,72,241.92),
FlapperSkateWeight(0,'F',95,72,244.8),
FlapperSkateWeight(0,'F',96,72,249.12),
FlapperSkateWeight(0,'F',81,71,198.8),
FlapperSkateWeight(0,'F',82,71,202.35),
FlapperSkateWeight(0,'F',83,71,205.19),
FlapperSkateWeight(0,'F',84,71,208.03),
FlapperSkateWeight(0,'F',85,71,210.87),
FlapperSkateWeight(0,'F',86,71,213.71),
FlapperSkateWeight(0,'F',87,71,216.55),
FlapperSkateWeight(0,'F',88,71,220.1),
FlapperSkateWeight(0,'F',89,71,222.23),
FlapperSkateWeight(0,'F',90,71,225.78),
FlapperSkateWeight(0,'F',91,71,228.62),
FlapperSkateWeight(0,'F',92,71,232.17),
FlapperSkateWeight(0,'F',93,71,235.01),
FlapperSkateWeight(0,'F',94,71,238.56),
FlapperSkateWeight(0,'F',95,71,241.4),
FlapperSkateWeight(0,'F',96,71,245.66),
FlapperSkateWeight(0,'F',80,70,193.2),
FlapperSkateWeight(0,'F',81,70,196),
FlapperSkateWeight(0,'F',82,70,199.5),
FlapperSkateWeight(0,'F',83,70,202.3),
FlapperSkateWeight(0,'F',84,70,205.1),
FlapperSkateWeight(0,'F',85,70,207.9),
FlapperSkateWeight(0,'F',86,70,210.7),
FlapperSkateWeight(0,'F',87,70,213.5),
FlapperSkateWeight(0,'F',88,70,217),
FlapperSkateWeight(0,'F',89,70,219.1),
FlapperSkateWeight(0,'F',90,70,222.6),
FlapperSkateWeight(0,'F',91,70,225.4),
FlapperSkateWeight(0,'F',92,70,228.9),
FlapperSkateWeight(0,'F',93,70,231.7),
FlapperSkateWeight(0,'F',94,70,235.2),
FlapperSkateWeight(0,'F',95,70,238),
FlapperSkateWeight(0,'F',96,70,242.2),
FlapperSkateWeight(0,'F',79,69,186.99),
FlapperSkateWeight(0,'F',80,69,190.44),
FlapperSkateWeight(0,'F',81,69,193.2),
FlapperSkateWeight(0,'F',82,69,196.65),
FlapperSkateWeight(0,'F',83,69,199.41),
FlapperSkateWeight(0,'F',84,69,202.17),
FlapperSkateWeight(0,'F',85,69,204.93),
FlapperSkateWeight(0,'F',86,69,207.69),
FlapperSkateWeight(0,'F',87,69,210.45),
FlapperSkateWeight(0,'F',88,69,213.9),
FlapperSkateWeight(0,'F',89,69,215.97),
FlapperSkateWeight(0,'F',90,69,219.42),
FlapperSkateWeight(0,'F',91,69,222.18),
FlapperSkateWeight(0,'F',92,69,225.63),
FlapperSkateWeight(0,'F',93,69,228.39),
FlapperSkateWeight(0,'F',94,69,231.84),
FlapperSkateWeight(0,'F',95,69,234.6),
FlapperSkateWeight(0,'F',96,69,238.74),
FlapperSkateWeight(0,'F',77,68,178.16),
FlapperSkateWeight(0,'F',78,68,180.88),
FlapperSkateWeight(0,'F',79,68,184.28),
FlapperSkateWeight(0,'F',80,68,187.68),
FlapperSkateWeight(0,'F',81,68,190.4),
FlapperSkateWeight(0,'F',82,68,193.8),
FlapperSkateWeight(0,'F',83,68,196.52),
FlapperSkateWeight(0,'F',84,68,199.24),
FlapperSkateWeight(0,'F',85,68,201.96),
FlapperSkateWeight(0,'F',86,68,204.68),
FlapperSkateWeight(0,'F',87,68,207.4),
FlapperSkateWeight(0,'F',88,68,210.8),
FlapperSkateWeight(0,'F',89,68,212.84),
FlapperSkateWeight(0,'F',90,68,216.24),
FlapperSkateWeight(0,'F',91,68,218.96),
FlapperSkateWeight(0,'F',92,68,222.36),
FlapperSkateWeight(0,'F',93,68,225.08),
FlapperSkateWeight(0,'F',94,68,228.48),
FlapperSkateWeight(0,'F',95,68,231.2),
FlapperSkateWeight(0,'F',76,67,172.19),
FlapperSkateWeight(0,'F',77,67,175.54),
FlapperSkateWeight(0,'F',78,67,178.22),
FlapperSkateWeight(0,'F',79,67,181.57),
FlapperSkateWeight(0,'F',80,67,184.92),
FlapperSkateWeight(0,'F',81,67,187.6),
FlapperSkateWeight(0,'F',82,67,190.95),
FlapperSkateWeight(0,'F',83,67,193.63),
FlapperSkateWeight(0,'F',84,67,196.31),
FlapperSkateWeight(0,'F',85,67,198.99),
FlapperSkateWeight(0,'F',86,67,201.67),
FlapperSkateWeight(0,'F',87,67,204.35),
FlapperSkateWeight(0,'F',88,67,207.7),
FlapperSkateWeight(0,'F',89,67,209.71),
FlapperSkateWeight(0,'F',90,67,213.06),
FlapperSkateWeight(0,'F',91,67,215.74),
FlapperSkateWeight(0,'F',92,67,219.09),
FlapperSkateWeight(0,'F',93,67,221.77),
FlapperSkateWeight(0,'F',94,67,225.12),
FlapperSkateWeight(0,'F',75,66,166.32),
FlapperSkateWeight(0,'F',76,66,169.62),
FlapperSkateWeight(0,'F',77,66,172.92),
FlapperSkateWeight(0,'F',78,66,175.56),
FlapperSkateWeight(0,'F',79,66,178.86),
FlapperSkateWeight(0,'F',80,66,182.16),
FlapperSkateWeight(0,'F',81,66,184.8),
FlapperSkateWeight(0,'F',82,66,188.1),
FlapperSkateWeight(0,'F',83,66,190.74),
FlapperSkateWeight(0,'F',84,66,193.38),
FlapperSkateWeight(0,'F',85,66,196.02),
FlapperSkateWeight(0,'F',86,66,198.66),
FlapperSkateWeight(0,'F',87,66,201.3),
FlapperSkateWeight(0,'F',88,66,204.6),
FlapperSkateWeight(0,'F',89,66,206.58),
FlapperSkateWeight(0,'F',90,66,209.88),
FlapperSkateWeight(0,'F',91,66,212.52),
FlapperSkateWeight(0,'F',92,66,215.82),
FlapperSkateWeight(0,'F',93,66,218.46),
FlapperSkateWeight(0,'F',74,65,164),
FlapperSkateWeight(0,'F',75,65,163.8),
FlapperSkateWeight(0,'F',76,65,167.05),
FlapperSkateWeight(0,'F',77,65,170.3),
FlapperSkateWeight(0,'F',78,65,172.9),
FlapperSkateWeight(0,'F',79,65,176.15),
FlapperSkateWeight(0,'F',80,65,179.4),
FlapperSkateWeight(0,'F',81,65,182),
FlapperSkateWeight(0,'F',82,65,185.25),
FlapperSkateWeight(0,'F',83,65,187.85),
FlapperSkateWeight(0,'F',84,65,190.45),
FlapperSkateWeight(0,'F',85,65,193.05),
FlapperSkateWeight(0,'F',86,65,195.65),
FlapperSkateWeight(0,'F',87,65,198.25),
FlapperSkateWeight(0,'F',88,65,201.5),
FlapperSkateWeight(0,'F',89,65,203.45),
FlapperSkateWeight(0,'F',90,65,206.7),
FlapperSkateWeight(0,'F',91,65,209.3),
FlapperSkateWeight(0,'F',73,64,156),
FlapperSkateWeight(0,'F',74,64,161),
FlapperSkateWeight(0,'F',75,64,161.28),
FlapperSkateWeight(0,'F',76,64,164.48),
FlapperSkateWeight(0,'F',77,64,167.68),
FlapperSkateWeight(0,'F',78,64,170.24),
FlapperSkateWeight(0,'F',79,64,173.44),
FlapperSkateWeight(0,'F',80,64,176.64),
FlapperSkateWeight(0,'F',81,64,179.2),
FlapperSkateWeight(0,'F',82,64,182.4),
FlapperSkateWeight(0,'F',83,64,184.96),
FlapperSkateWeight(0,'F',84,64,187.52),
FlapperSkateWeight(0,'F',85,64,190.08),
FlapperSkateWeight(0,'F',86,64,192.64),
FlapperSkateWeight(0,'F',87,64,195.2),
FlapperSkateWeight(0,'F',88,64,198.4),
FlapperSkateWeight(0,'F',89,64,200.32),
FlapperSkateWeight(0,'F',90,64,203.52),
FlapperSkateWeight(0,'F',71,63,143),
FlapperSkateWeight(0,'F',72,63,148),
FlapperSkateWeight(0,'F',73,63,154),
FlapperSkateWeight(0,'F',74,63,159),
FlapperSkateWeight(0,'F',75,63,158.76),
FlapperSkateWeight(0,'F',76,63,161.91),
FlapperSkateWeight(0,'F',77,63,165.06),
FlapperSkateWeight(0,'F',78,63,167.58),
FlapperSkateWeight(0,'F',79,63,170.73),
FlapperSkateWeight(0,'F',80,63,173.88),
FlapperSkateWeight(0,'F',81,63,176.4),
FlapperSkateWeight(0,'F',82,63,179.55),
FlapperSkateWeight(0,'F',83,63,182.07),
FlapperSkateWeight(0,'F',84,63,184.59),
FlapperSkateWeight(0,'F',85,63,187.11),
FlapperSkateWeight(0,'F',86,63,189.63),
FlapperSkateWeight(0,'F',87,63,192.15),
FlapperSkateWeight(0,'F',88,63,195.3),
FlapperSkateWeight(0,'F',70,62,135),
FlapperSkateWeight(0,'F',71,62,141),
FlapperSkateWeight(0,'F',72,62,146),
FlapperSkateWeight(0,'F',73,62,151),
FlapperSkateWeight(0,'F',74,62,156),
FlapperSkateWeight(0,'F',75,62,156.24),
FlapperSkateWeight(0,'F',76,62,159.34),
FlapperSkateWeight(0,'F',77,62,162.44),
FlapperSkateWeight(0,'F',78,62,164.92),
FlapperSkateWeight(0,'F',79,62,168.02),
FlapperSkateWeight(0,'F',80,62,171.12),
FlapperSkateWeight(0,'F',81,62,173.6),
FlapperSkateWeight(0,'F',82,62,176.7),
FlapperSkateWeight(0,'F',83,62,179.18),
FlapperSkateWeight(0,'F',84,62,181.66),
FlapperSkateWeight(0,'F',85,62,184.14),
FlapperSkateWeight(0,'F',86,62,186.62),
FlapperSkateWeight(0,'F',87,62,189.1),
FlapperSkateWeight(0,'F',69,61,125),
FlapperSkateWeight(0,'F',70,61,133),
FlapperSkateWeight(0,'F',71,61,139),
FlapperSkateWeight(0,'F',72,61,144),
FlapperSkateWeight(0,'F',73,61,149),
FlapperSkateWeight(0,'F',74,61,153),
FlapperSkateWeight(0,'F',75,61,153.72),
FlapperSkateWeight(0,'F',76,61,156.77),
FlapperSkateWeight(0,'F',77,61,159.82),
FlapperSkateWeight(0,'F',78,61,162.26),
FlapperSkateWeight(0,'F',79,61,165.31),
FlapperSkateWeight(0,'F',80,61,168.36),
FlapperSkateWeight(0,'F',81,61,170.8),
FlapperSkateWeight(0,'F',82,61,173.85),
FlapperSkateWeight(0,'F',83,61,176.29),
FlapperSkateWeight(0,'F',84,61,178.73),
FlapperSkateWeight(0,'F',85,61,181.17),
FlapperSkateWeight(0,'F',86,61,183.61),
FlapperSkateWeight(0,'F',68,60,115),
FlapperSkateWeight(0,'F',69,60,123),
FlapperSkateWeight(0,'F',70,60,131),
FlapperSkateWeight(0,'F',71,60,136),
FlapperSkateWeight(0,'F',72,60,141),
FlapperSkateWeight(0,'F',73,60,146),
FlapperSkateWeight(0,'F',74,60,151),
FlapperSkateWeight(0,'F',75,60,151.2),
FlapperSkateWeight(0,'F',76,60,154.2),
FlapperSkateWeight(0,'F',77,60,157.2),
FlapperSkateWeight(0,'F',78,60,159.6),
FlapperSkateWeight(0,'F',79,60,162.6),
FlapperSkateWeight(0,'F',80,60,165.6),
FlapperSkateWeight(0,'F',81,60,168),
FlapperSkateWeight(0,'F',82,60,171),
FlapperSkateWeight(0,'F',83,60,173.4),
FlapperSkateWeight(0,'F',84,60,175.8),
FlapperSkateWeight(0,'F',67,59,108),
FlapperSkateWeight(0,'F',68,59,114),
FlapperSkateWeight(0,'F',69,59,121),
FlapperSkateWeight(0,'F',70,59,129),
FlapperSkateWeight(0,'F',71,59,134),
FlapperSkateWeight(0,'F',72,59,139),
FlapperSkateWeight(0,'F',73,59,144),
FlapperSkateWeight(0,'F',74,59,148),
FlapperSkateWeight(0,'F',75,59,148.68),
FlapperSkateWeight(0,'F',76,59,151.63),
FlapperSkateWeight(0,'F',77,59,154.58),
FlapperSkateWeight(0,'F',78,59,156.94),
FlapperSkateWeight(0,'F',79,59,159.89),
FlapperSkateWeight(0,'F',80,59,162.84),
FlapperSkateWeight(0,'F',81,59,165.2),
FlapperSkateWeight(0,'F',82,59,168.15),
FlapperSkateWeight(0,'F',83,59,170.51),
FlapperSkateWeight(0,'F',66,58,100),
FlapperSkateWeight(0,'F',67,58,106),
FlapperSkateWeight(0,'F',68,58,112),
FlapperSkateWeight(0,'F',69,58,119),
FlapperSkateWeight(0,'F',70,58,127),
FlapperSkateWeight(0,'F',71,58,132),
FlapperSkateWeight(0,'F',72,58,137),
FlapperSkateWeight(0,'F',73,58,141),
FlapperSkateWeight(0,'F',74,58,146),
FlapperSkateWeight(0,'F',75,58,146.16),
FlapperSkateWeight(0,'F',76,58,149.06),
FlapperSkateWeight(0,'F',77,58,151.96),
FlapperSkateWeight(0,'F',78,58,154.28),
FlapperSkateWeight(0,'F',79,58,157.18),
FlapperSkateWeight(0,'F',80,58,160.08),
FlapperSkateWeight(0,'F',81,58,162.4),
FlapperSkateWeight(0,'F',82,58,165.3),
FlapperSkateWeight(0,'F',65,57,93),
FlapperSkateWeight(0,'F',66,57,99),
FlapperSkateWeight(0,'F',67,57,104),
FlapperSkateWeight(0,'F',68,57,110),
FlapperSkateWeight(0,'F',69,57,117),
FlapperSkateWeight(0,'F',70,57,124),
FlapperSkateWeight(0,'F',71,57,130),
FlapperSkateWeight(0,'F',72,57,134),
FlapperSkateWeight(0,'F',73,57,139),
FlapperSkateWeight(0,'F',74,57,143),
FlapperSkateWeight(0,'F',75,57,143.64),
FlapperSkateWeight(0,'F',76,57,146.49),
FlapperSkateWeight(0,'F',77,57,149.34),
FlapperSkateWeight(0,'F',78,57,151.62),
FlapperSkateWeight(0,'F',79,57,154.47),
FlapperSkateWeight(0,'F',80,57,157.32),
FlapperSkateWeight(0,'F',81,57,159.6),
FlapperSkateWeight(0,'F',63,56,84),
FlapperSkateWeight(0,'F',64,56,87),
FlapperSkateWeight(0,'F',65,56,91),
FlapperSkateWeight(0,'F',66,56,97),
FlapperSkateWeight(0,'F',67,56,102),
FlapperSkateWeight(0,'F',68,56,108),
FlapperSkateWeight(0,'F',69,56,115),
FlapperSkateWeight(0,'F',70,56,122),
FlapperSkateWeight(0,'F',71,56,127),
FlapperSkateWeight(0,'F',72,56,132),
FlapperSkateWeight(0,'F',73,56,137),
FlapperSkateWeight(0,'F',74,56,141),
FlapperSkateWeight(0,'F',75,56,141.12),
FlapperSkateWeight(0,'F',76,56,143.92),
FlapperSkateWeight(0,'F',77,56,146.72),
FlapperSkateWeight(0,'F',78,56,148.96),
FlapperSkateWeight(0,'F',79,56,151.76),
FlapperSkateWeight(0,'F',80,56,154.56),
FlapperSkateWeight(0,'F',62,55,79),
FlapperSkateWeight(0,'F',63,55,82),
FlapperSkateWeight(0,'F',64,55,86),
FlapperSkateWeight(0,'F',65,55,90),
FlapperSkateWeight(0,'F',66,55,95),
FlapperSkateWeight(0,'F',67,55,101),
FlapperSkateWeight(0,'F',68,55,106),
FlapperSkateWeight(0,'F',69,55,113),
FlapperSkateWeight(0,'F',70,55,120),
FlapperSkateWeight(0,'F',71,55,125),
FlapperSkateWeight(0,'F',72,55,129),
FlapperSkateWeight(0,'F',73,55,134),
FlapperSkateWeight(0,'F',74,55,138),
FlapperSkateWeight(0,'F',75,55,138.6),
FlapperSkateWeight(0,'F',76,55,141.35),
FlapperSkateWeight(0,'F',77,55,144.1),
FlapperSkateWeight(0,'F',78,55,146.3),
FlapperSkateWeight(0,'F',79,55,149.05),
FlapperSkateWeight(0,'F',61,54,73),
FlapperSkateWeight(0,'F',62,54,78),
FlapperSkateWeight(0,'F',63,54,81),
FlapperSkateWeight(0,'F',64,54,84),
FlapperSkateWeight(0,'F',65,54,88),
FlapperSkateWeight(0,'F',66,54,93),
FlapperSkateWeight(0,'F',67,54,99),
FlapperSkateWeight(0,'F',68,54,104),
FlapperSkateWeight(0,'F',69,54,111),
FlapperSkateWeight(0,'F',70,54,118),
FlapperSkateWeight(0,'F',71,54,123),
FlapperSkateWeight(0,'F',72,54,127),
FlapperSkateWeight(0,'F',73,54,132),
FlapperSkateWeight(0,'F',74,54,136),
FlapperSkateWeight(0,'F',75,54,136.08),
FlapperSkateWeight(0,'F',76,54,138.78),
FlapperSkateWeight(0,'F',77,54,141.48),
FlapperSkateWeight(0,'F',60,53,68),
FlapperSkateWeight(0,'F',61,53,72),
FlapperSkateWeight(0,'F',62,53,76),
FlapperSkateWeight(0,'F',63,53,79),
FlapperSkateWeight(0,'F',64,53,82),
FlapperSkateWeight(0,'F',65,53,86),
FlapperSkateWeight(0,'F',66,53,92),
FlapperSkateWeight(0,'F',67,53,97),
FlapperSkateWeight(0,'F',68,53,102),
FlapperSkateWeight(0,'F',69,53,109),
FlapperSkateWeight(0,'F',70,53,116),
FlapperSkateWeight(0,'F',71,53,120),
FlapperSkateWeight(0,'F',72,53,125),
FlapperSkateWeight(0,'F',73,53,129),
FlapperSkateWeight(0,'F',74,53,133),
FlapperSkateWeight(0,'F',75,53,133.56),
FlapperSkateWeight(0,'F',76,53,136.21),
FlapperSkateWeight(0,'F',59,52,64),
FlapperSkateWeight(0,'F',60,52,67),
FlapperSkateWeight(0,'F',61,52,71),
FlapperSkateWeight(0,'F',62,52,75),
FlapperSkateWeight(0,'F',63,52,78),
FlapperSkateWeight(0,'F',64,52,81),
FlapperSkateWeight(0,'F',65,52,85),
FlapperSkateWeight(0,'F',66,52,90),
FlapperSkateWeight(0,'F',67,52,95),
FlapperSkateWeight(0,'F',68,52,100),
FlapperSkateWeight(0,'F',69,52,107),
FlapperSkateWeight(0,'F',70,52,114),
FlapperSkateWeight(0,'F',71,52,118),
FlapperSkateWeight(0,'F',72,52,122),
FlapperSkateWeight(0,'F',73,52,127),
FlapperSkateWeight(0,'F',74,52,131),
FlapperSkateWeight(0,'F',57,51,56),
FlapperSkateWeight(0,'F',58,51,59),
FlapperSkateWeight(0,'F',59,51,62),
FlapperSkateWeight(0,'F',60,51,66),
FlapperSkateWeight(0,'F',61,51,69),
FlapperSkateWeight(0,'F',62,51,73),
FlapperSkateWeight(0,'F',63,51,76),
FlapperSkateWeight(0,'F',64,51,79),
FlapperSkateWeight(0,'F',65,51,83),
FlapperSkateWeight(0,'F',66,51,88),
FlapperSkateWeight(0,'F',67,51,93),
FlapperSkateWeight(0,'F',68,51,98),
FlapperSkateWeight(0,'F',69,51,105),
FlapperSkateWeight(0,'F',70,51,111),
FlapperSkateWeight(0,'F',71,51,116),
FlapperSkateWeight(0,'F',72,51,120),
FlapperSkateWeight(0,'F',73,51,124),
FlapperSkateWeight(0,'F',56,50,53),
FlapperSkateWeight(0,'F',57,50,55),
FlapperSkateWeight(0,'F',58,50,58),
FlapperSkateWeight(0,'F',59,50,61),
FlapperSkateWeight(0,'F',60,50,65),
FlapperSkateWeight(0,'F',61,50,68),
FlapperSkateWeight(0,'F',62,50,72),
FlapperSkateWeight(0,'F',63,50,75),
FlapperSkateWeight(0,'F',64,50,78),
FlapperSkateWeight(0,'F',65,50,82),
FlapperSkateWeight(0,'F',66,50,86),
FlapperSkateWeight(0,'F',67,50,91),
FlapperSkateWeight(0,'F',68,50,96),
FlapperSkateWeight(0,'F',69,50,102),
FlapperSkateWeight(0,'F',70,50,109),
FlapperSkateWeight(0,'F',71,50,114),
FlapperSkateWeight(0,'F',72,50,118),
FlapperSkateWeight(0,'F',55,49,49),
FlapperSkateWeight(0,'F',56,49,52),
FlapperSkateWeight(0,'F',57,49,54),
FlapperSkateWeight(0,'F',58,49,57),
FlapperSkateWeight(0,'F',59,49,60),
FlapperSkateWeight(0,'F',60,49,63),
FlapperSkateWeight(0,'F',61,49,67),
FlapperSkateWeight(0,'F',62,49,70),
FlapperSkateWeight(0,'F',63,49,73),
FlapperSkateWeight(0,'F',64,49,76),
FlapperSkateWeight(0,'F',65,49,80),
FlapperSkateWeight(0,'F',66,49,85),
FlapperSkateWeight(0,'F',67,49,90),
FlapperSkateWeight(0,'F',68,49,94),
FlapperSkateWeight(0,'F',69,49,100),
FlapperSkateWeight(0,'F',70,49,107),
FlapperSkateWeight(0,'F',54,48,46),
FlapperSkateWeight(0,'F',55,48,48),
FlapperSkateWeight(0,'F',56,48,51),
FlapperSkateWeight(0,'F',57,48,53),
FlapperSkateWeight(0,'F',58,48,56),
FlapperSkateWeight(0,'F',59,48,59),
FlapperSkateWeight(0,'F',60,48,62),
FlapperSkateWeight(0,'F',61,48,65),
FlapperSkateWeight(0,'F',62,48,69),
FlapperSkateWeight(0,'F',63,48,72),
FlapperSkateWeight(0,'F',64,48,75),
FlapperSkateWeight(0,'F',65,48,78),
FlapperSkateWeight(0,'F',66,48,83),
FlapperSkateWeight(0,'F',67,48,88),
FlapperSkateWeight(0,'F',68,48,92),
FlapperSkateWeight(0,'F',52,47,41),
FlapperSkateWeight(0,'F',53,47,43),
FlapperSkateWeight(0,'F',54,47,45),
FlapperSkateWeight(0,'F',55,47,47),
FlapperSkateWeight(0,'F',56,47,49),
FlapperSkateWeight(0,'F',57,47,52),
FlapperSkateWeight(0,'F',58,47,55),
FlapperSkateWeight(0,'F',59,47,57),
FlapperSkateWeight(0,'F',60,47,61),
FlapperSkateWeight(0,'F',61,47,64),
FlapperSkateWeight(0,'F',62,47,68),
FlapperSkateWeight(0,'F',63,47,70),
FlapperSkateWeight(0,'F',64,47,73),
FlapperSkateWeight(0,'F',65,47,77),
FlapperSkateWeight(0,'F',66,47,81),
FlapperSkateWeight(0,'F',67,47,86),
FlapperSkateWeight(0,'F',51,46,39),
FlapperSkateWeight(0,'F',52,46,40),
FlapperSkateWeight(0,'F',53,46,42),
FlapperSkateWeight(0,'F',54,46,44),
FlapperSkateWeight(0,'F',55,46,46),
FlapperSkateWeight(0,'F',56,46,48),
FlapperSkateWeight(0,'F',57,46,51),
FlapperSkateWeight(0,'F',58,46,53),
FlapperSkateWeight(0,'F',59,46,56),
FlapperSkateWeight(0,'F',60,46,59),
FlapperSkateWeight(0,'F',61,46,63),
FlapperSkateWeight(0,'F',62,46,66),
FlapperSkateWeight(0,'F',63,46,69),
FlapperSkateWeight(0,'F',64,46,72),
FlapperSkateWeight(0,'F',65,46,75),
FlapperSkateWeight(0,'F',66,46,80),
FlapperSkateWeight(0,'F',50,45,38),
FlapperSkateWeight(0,'F',51,45,38),
FlapperSkateWeight(0,'F',52,45,39),
FlapperSkateWeight(0,'F',53,45,41),
FlapperSkateWeight(0,'F',54,45,43),
FlapperSkateWeight(0,'F',55,45,45),
FlapperSkateWeight(0,'F',56,45,47),
FlapperSkateWeight(0,'F',57,45,50),
FlapperSkateWeight(0,'F',58,45,52),
FlapperSkateWeight(0,'F',59,45,55),
FlapperSkateWeight(0,'F',60,45,58),
FlapperSkateWeight(0,'F',61,45,61),
FlapperSkateWeight(0,'F',62,45,65),
FlapperSkateWeight(0,'F',63,45,67),
FlapperSkateWeight(0,'F',64,45,70),
FlapperSkateWeight(0,'F',49,44,36),
FlapperSkateWeight(0,'F',50,44,37),
FlapperSkateWeight(0,'F',51,44,37),
FlapperSkateWeight(0,'F',52,44,38),
FlapperSkateWeight(0,'F',53,44,40),
FlapperSkateWeight(0,'F',54,44,42),
FlapperSkateWeight(0,'F',55,44,44),
FlapperSkateWeight(0,'F',56,44,46),
FlapperSkateWeight(0,'F',57,44,49),
FlapperSkateWeight(0,'F',58,44,51),
FlapperSkateWeight(0,'F',59,44,54),
FlapperSkateWeight(0,'F',60,44,57),
FlapperSkateWeight(0,'F',61,44,60),
FlapperSkateWeight(0,'F',62,44,63),
FlapperSkateWeight(0,'F',63,44,66),
FlapperSkateWeight(0,'F',48,43,34),
FlapperSkateWeight(0,'F',49,43,35),
FlapperSkateWeight(0,'F',50,43,36),
FlapperSkateWeight(0,'F',51,43,37),
FlapperSkateWeight(0,'F',52,43,37),
FlapperSkateWeight(0,'F',53,43,39),
FlapperSkateWeight(0,'F',54,43,41),
FlapperSkateWeight(0,'F',55,43,43),
FlapperSkateWeight(0,'F',56,43,45),
FlapperSkateWeight(0,'F',57,43,48),
FlapperSkateWeight(0,'F',58,43,50),
FlapperSkateWeight(0,'F',59,43,53),
FlapperSkateWeight(0,'F',60,43,55),
FlapperSkateWeight(0,'F',61,43,56),
FlapperSkateWeight(0,'F',62,43,62),
FlapperSkateWeight(0,'F',47,42,33),
FlapperSkateWeight(0,'F',48,42,34),
FlapperSkateWeight(0,'F',49,42,34),
FlapperSkateWeight(0,'F',50,42,35),
FlapperSkateWeight(0,'F',51,42,36),
FlapperSkateWeight(0,'F',52,42,36),
FlapperSkateWeight(0,'F',53,42,39),
FlapperSkateWeight(0,'F',54,42,40),
FlapperSkateWeight(0,'F',55,42,42),
FlapperSkateWeight(0,'F',56,42,44),
FlapperSkateWeight(0,'F',57,42,46),
FlapperSkateWeight(0,'F',58,42,49),
FlapperSkateWeight(0,'F',59,42,51),
FlapperSkateWeight(0,'F',60,42,54),
FlapperSkateWeight(0,'F',46,41,31),
FlapperSkateWeight(0,'F',47,41,32),
FlapperSkateWeight(0,'F',48,41,33),
FlapperSkateWeight(0,'F',49,41,34),
FlapperSkateWeight(0,'F',50,41,34),
FlapperSkateWeight(0,'F',51,41,35),
FlapperSkateWeight(0,'F',52,41,36),
FlapperSkateWeight(0,'F',53,41,38),
FlapperSkateWeight(0,'F',54,41,39),
FlapperSkateWeight(0,'F',55,41,41),
FlapperSkateWeight(0,'F',56,41,43),
FlapperSkateWeight(0,'F',57,41,45),
FlapperSkateWeight(0,'F',58,41,48),
FlapperSkateWeight(0,'F',59,41,50),
FlapperSkateWeight(0,'F',45,40,30),
FlapperSkateWeight(0,'F',46,40,31),
FlapperSkateWeight(0,'F',47,40,31),
FlapperSkateWeight(0,'F',48,40,32),
FlapperSkateWeight(0,'F',49,40,33),
FlapperSkateWeight(0,'F',50,40,33),
FlapperSkateWeight(0,'F',51,40,34),
FlapperSkateWeight(0,'F',52,40,35),
FlapperSkateWeight(0,'F',53,40,37),
FlapperSkateWeight(0,'F',54,40,38),
FlapperSkateWeight(0,'F',55,40,40),
FlapperSkateWeight(0,'F',56,40,42),
FlapperSkateWeight(0,'F',57,40,44),
FlapperSkateWeight(0,'F',44,39,29),
FlapperSkateWeight(0,'F',45,39,29),
FlapperSkateWeight(0,'F',46,39,30),
FlapperSkateWeight(0,'F',47,39,31),
FlapperSkateWeight(0,'F',48,39,31),
FlapperSkateWeight(0,'F',49,39,32),
FlapperSkateWeight(0,'F',50,39,33),
FlapperSkateWeight(0,'F',51,39,33),
FlapperSkateWeight(0,'F',52,39,34),
FlapperSkateWeight(0,'F',53,39,36),
FlapperSkateWeight(0,'F',54,39,37),
FlapperSkateWeight(0,'F',55,39,39),
FlapperSkateWeight(0,'F',56,39,41),
FlapperSkateWeight(0,'F',43,38,27),
FlapperSkateWeight(0,'F',44,38,28),
FlapperSkateWeight(0,'F',45,38,29),
FlapperSkateWeight(0,'F',46,38,29),
FlapperSkateWeight(0,'F',47,38,30),
FlapperSkateWeight(0,'F',48,38,30),
FlapperSkateWeight(0,'F',49,38,31),
FlapperSkateWeight(0,'F',50,38,32),
FlapperSkateWeight(0,'F',51,38,32),
FlapperSkateWeight(0,'F',52,38,33),
FlapperSkateWeight(0,'F',53,38,35),
FlapperSkateWeight(0,'F',54,38,36),
FlapperSkateWeight(0,'F',42,37,26),
FlapperSkateWeight(0,'F',43,37,26),
FlapperSkateWeight(0,'F',44,37,27),
FlapperSkateWeight(0,'F',45,37,28),
FlapperSkateWeight(0,'F',46,37,28),
FlapperSkateWeight(0,'F',47,37,29),
FlapperSkateWeight(0,'F',48,37,30),
FlapperSkateWeight(0,'F',49,37,30),
FlapperSkateWeight(0,'F',50,37,31),
FlapperSkateWeight(0,'F',51,37,32),
FlapperSkateWeight(0,'F',52,37,32),
FlapperSkateWeight(0,'F',53,37,34),
FlapperSkateWeight(0,'F',41,36,26),
FlapperSkateWeight(0,'F',42,36,26),
FlapperSkateWeight(0,'F',43,36,26),
FlapperSkateWeight(0,'F',44,36,26),
FlapperSkateWeight(0,'F',45,36,27),
FlapperSkateWeight(0,'F',46,36,28),
FlapperSkateWeight(0,'F',47,36,28),
FlapperSkateWeight(0,'F',48,36,29),
FlapperSkateWeight(0,'F',49,36,29),
FlapperSkateWeight(0,'F',50,36,30),
FlapperSkateWeight(0,'F',51,36,31),
FlapperSkateWeight(0,'F',40,35,25),
FlapperSkateWeight(0,'F',41,35,25),
FlapperSkateWeight(0,'F',42,35,25),
FlapperSkateWeight(0,'F',43,35,25),
FlapperSkateWeight(0,'F',44,35,26),
FlapperSkateWeight(0,'F',45,35,26),
FlapperSkateWeight(0,'F',46,35,27),
FlapperSkateWeight(0,'F',47,35,27),
FlapperSkateWeight(0,'F',48,35,28),
FlapperSkateWeight(0,'F',49,35,29),
FlapperSkateWeight(0,'F',50,35,29),
FlapperSkateWeight(0,'F',40,34,24),
FlapperSkateWeight(0,'F',41,34,24),
FlapperSkateWeight(0,'F',42,34,24),
FlapperSkateWeight(0,'F',43,34,24),
FlapperSkateWeight(0,'F',44,34,25),
FlapperSkateWeight(0,'F',45,34,26),
FlapperSkateWeight(0,'F',46,34,26),
FlapperSkateWeight(0,'F',47,34,27),
FlapperSkateWeight(0,'F',48,34,27),
FlapperSkateWeight(0,'F',49,34,28),
FlapperSkateWeight(0,'F',40,33,23),
FlapperSkateWeight(0,'F',41,33,23),
FlapperSkateWeight(0,'F',42,33,23),
FlapperSkateWeight(0,'F',43,33,24),
FlapperSkateWeight(0,'F',44,33,24),
FlapperSkateWeight(0,'F',45,33,25),
FlapperSkateWeight(0,'F',46,33,25),
FlapperSkateWeight(0,'F',47,33,26),
FlapperSkateWeight(0,'F',48,33,26),
FlapperSkateWeight(0,'F',40,32,23),
FlapperSkateWeight(0,'F',41,32,23),
FlapperSkateWeight(0,'F',42,32,23),
FlapperSkateWeight(0,'F',43,32,23),
FlapperSkateWeight(0,'F',44,32,24),
FlapperSkateWeight(0,'F',45,32,24),
FlapperSkateWeight(0,'F',46,32,25),
FlapperSkateWeight(0,'F',47,32,25),
FlapperSkateWeight(0,'F',40,31,22),
FlapperSkateWeight(0,'F',41,31,22),
FlapperSkateWeight(0,'F',42,31,22),
FlapperSkateWeight(0,'F',43,31,22),
FlapperSkateWeight(0,'F',44,31,23),
FlapperSkateWeight(0,'F',45,31,24),
FlapperSkateWeight(0,'F',46,31,24),
FlapperSkateWeight(0,'F',40,30,21),
FlapperSkateWeight(0,'F',41,30,21),
FlapperSkateWeight(0,'F',42,30,21),
FlapperSkateWeight(0,'F',43,30,22),
FlapperSkateWeight(0,'F',44,30,22),
FlapperSkateWeight(0,'F',45,30,23),
FlapperSkateWeight(0,'F',40,29,21),
FlapperSkateWeight(0,'F',41,29,21),
FlapperSkateWeight(0,'F',42,29,21),
FlapperSkateWeight(0,'F',43,29,21),
FlapperSkateWeight(0,'F',44,29,21),
FlapperSkateWeight(0,'F',40,28,20),
FlapperSkateWeight(0,'F',41,28,20),
FlapperSkateWeight(0,'F',42,28,20),
FlapperSkateWeight(0,'F',43,28,20),
FlapperSkateWeight(0,'F',40,27,19),
FlapperSkateWeight(0,'F',41,27,19),
FlapperSkateWeight(0,'F',42,27,19),
FlapperSkateWeight(0,'F',40,26,18),
FlapperSkateWeight(0,'F',41,26,18),
FlapperSkateWeight(0,'F',40,25,17),
